candidate_id,week_id,season,region_type,weather_summary,weekly_condition,avg_temp,rainy_days,outdoor_friendly_days,bad_air_days,mission_title,mission_description,mission_type,is_outdoor,is_group,difficulty,bonus_points,proof_type,novelty_score,safety_score,feasibility_score,participation_score,overall_score,approve_label
HM_0001,2026-W01,spring,residential,mixed / rainy_days=4 / outdoor_days=1,mixed,12.4,4,1,4,이번 주 히든 미션: 절전 챌린지,이번 주 안에 집이나 공동공간에서 전기 절약 행동을 실천하고 인증해보세요.,energy_saving,0,0,1,50,photo,3,5,5,3,4,1
HM_0002,2026-W02,spring,park_area,cold_week / rainy_days=1 / outdoor_days=6,cold_week,14.2,1,6,3,이번 주 히든 미션: 따뜻한 한마디,동네 사람이나 팀원에게 응원과 배려를 실천하고 인증하세요.,kindness_action,0,0,2,60,short_text,2,5,5,4,4,1
HM_0003,2026-W03,spring,mixed_commercial,outdoor_good / rainy_days=3 / outdoor_days=5,outdoor_good,13.6,3,5,0,이번 주 히든 미션: 절전 챌린지,이번 주 안에 집이나 공동공간에서 전기 절약 행동을 실천하고 인증해보세요.,energy_saving,0,0,5,70,group_photo,4,5,4,2,4,1
HM_0004,2026-W04,summer,residential,outdoor_good / rainy_days=0 / outdoor_days=4,outdoor_good,31.7,0,4,2,이번 주 히든 미션: 에너지 세이브,사용하지 않는 전등과 멀티탭을 끄고 절전 인증을 남겨주세요.,energy_saving,0,0,2,70,short_text,3,5,5,3,4,1
HM_0005,2026-W05,fall,residential,cold_week / rainy_days=2 / outdoor_days=6,cold_week,11.4,2,6,4,이번 주 히든 미션: 재활용 점검,집이나 공동공간에서 재활용 가능한 물품을 구분해 인증하세요.,recycling,0,0,1,60,photo,4,5,5,3,4,1
HM_0006,2026-W06,winter,school_area,outdoor_good / rainy_days=5 / outdoor_days=4,outdoor_good,-0.9,5,4,3,이번 주 히든 미션: 절전 챌린지,이번 주 안에 집이나 공동공간에서 전기 절약 행동을 실천하고 인증해보세요.,energy_saving,0,0,3,60,photo,4,5,5,3,4,1
HM_0007,2026-W07,winter,mixed_commercial,mixed / rainy_days=0 / outdoor_days=7,mixed,-3.8,0,7,0,이번 주 히든 미션: 분리수거 실천,이번 주 안에 올바른 분리수거를 실천하고 사진과 짧은 설명을 남겨주세요.,recycling,0,0,4,100,photo,5,5,4,3,4,1
HM_0008,2026-W08,winter,mixed_commercial,cold_week / rainy_days=0 / outdoor_days=6,cold_week,3.8,0,6,4,이번 주 히든 미션: 따뜻한 한마디,동네 사람이나 팀원에게 응원과 배려를 실천하고 인증하세요.,kindness_action,0,0,1,70,short_text,3,5,5,4,4,1
HM_0009,2026-W09,winter,residential,mixed / rainy_days=5 / outdoor_days=3,mixed,-3.6,5,3,4,이번 주 히든 미션: 함께 걷기 챌린지,이번 주 안에 팀원과 함께 동네를 걸으며 건강과 대화를 챙겨보세요.,group_walk,1,1,2,70,photo,3,3,3,3,3,0
HM_0010,2026-W10,fall,mixed_commercial,outdoor_good / rainy_days=1 / outdoor_days=1,outdoor_good,21.8,1,1,1,이번 주 히든 미션: 함께 걷기 챌린지,이번 주 안에 팀원과 함께 동네를 걸으며 건강과 대화를 챙겨보세요.,group_walk,1,1,1,80,photo,4,4,4,3,4,1
HM_0011,2026-W11,summer,mixed_commercial,cold_week / rainy_days=4 / outdoor_days=7,cold_week,29.3,4,7,1,이번 주 히든 미션: 따뜻한 한마디,동네 사람이나 팀원에게 응원과 배려를 실천하고 인증하세요.,kindness_action,0,0,3,80,group_photo,5,5,5,4,5,1
HM_0012,2026-W12,spring,park_area,indoor_preferred / rainy_days=0 / outdoor_days=1,indoor_preferred,10.6,0,1,0,이번 주 히든 미션: 분리수거 실천,이번 주 안에 올바른 분리수거를 실천하고 사진과 짧은 설명을 남겨주세요.,recycling,0,0,1,70,photo,3,5,5,4,4,1
HM_0013,2026-W01,fall,mixed_commercial,indoor_preferred / rainy_days=1 / outdoor_days=7,indoor_preferred,20.4,1,7,3,이번 주 히든 미션: 절전 챌린지,이번 주 안에 집이나 공동공간에서 전기 절약 행동을 실천하고 인증해보세요.,energy_saving,0,0,1,50,group_photo,5,5,5,4,5,1
HM_0014,2026-W02,fall,mixed_commercial,hot_week / rainy_days=0 / outdoor_days=1,hot_week,17.4,0,1,3,이번 주 히든 미션: 이웃 배려 행동,이번 주 안에 이웃을 배려한 작은 행동을 실천하고 후기를 남겨주세요.,kindness_action,0,0,2,60,photo,5,5,5,4,5,1
HM_0015,2026-W03,summer,mixed_commercial,indoor_preferred / rainy_days=4 / outdoor_days=1,indoor_preferred,26.5,4,1,0,이번 주 히든 미션: 함께 걷기 챌린지,이번 주 안에 팀원과 함께 동네를 걸으며 건강과 대화를 챙겨보세요.,group_walk,1,1,1,60,photo,5,2,2,3,3,0
HM_0016,2026-W04,winter,mixed_commercial,indoor_preferred / rainy_days=3 / outdoor_days=3,indoor_preferred,-5.0,3,3,3,이번 주 히든 미션: 따뜻한 한마디,동네 사람이나 팀원에게 응원과 배려를 실천하고 인증하세요.,kindness_action,0,0,5,80,photo,3,5,4,3,4,1
HM_0017,2026-W05,fall,park_area,outdoor_good / rainy_days=4 / outdoor_days=4,outdoor_good,18.5,4,4,4,이번 주 히든 미션: 함께 걷기 챌린지,이번 주 안에 팀원과 함께 동네를 걸으며 건강과 대화를 챙겨보세요.,group_walk,1,1,1,100,photo,4,3,3,4,4,1
HM_0018,2026-W06,spring,residential,indoor_preferred / rainy_days=0 / outdoor_days=5,indoor_preferred,14.0,0,5,0,이번 주 히든 미션: 에너지 세이브,사용하지 않는 전등과 멀티탭을 끄고 절전 인증을 남겨주세요.,energy_saving,0,0,3,60,group_photo,4,5,5,4,4,1
HM_0019,2026-W07,summer,school_area,hot_week / rainy_days=0 / outdoor_days=1,hot_week,30.5,0,1,3,이번 주 히든 미션: 함께 걷기 챌린지,이번 주 안에 팀원과 함께 동네를 걸으며 건강과 대화를 챙겨보세요.,group_walk,1,1,1,100,photo,5,3,3,3,4,1
HM_0020,2026-W08,summer,school_area,outdoor_good / rainy_days=5 / outdoor_days=3,outdoor_good,27.7,5,3,4,이번 주 히든 미션: 함께 걷기 챌린지,이번 주 안에 팀원과 함께 동네를 걸으며 건강과 대화를 챙겨보세요.,group_walk,1,1,5,70,group_photo,3,3,2,2,2,0
HM_0021,2026-W09,summer,school_area,outdoor_good / rainy_days=1 / outdoor_days=6,outdoor_good,31.4,1,6,2,이번 주 히든 미션: 재활용 점검,집이나 공동공간에서 재활용 가능한 물품을 구분해 인증하세요.,recycling,0,0,5,80,short_text,2,5,4,2,3,0
HM_0022,2026-W10,spring,mixed_commercial,mixed / rainy_days=1 / outdoor_days=6,mixed,10.4,1,6,3,이번 주 히든 미션: 동네 산책 미션,가까운 길을 함께 산책하고 짧은 소감을 남겨주세요.,group_walk,1,1,5,50,photo,3,4,3,3,3,0
HM_0023,2026-W11,summer,residential,mixed / rainy_days=0 / outdoor_days=3,mixed,25.5,0,3,1,이번 주 히든 미션: 분리수거 실천,이번 주 안에 올바른 분리수거를 실천하고 사진과 짧은 설명을 남겨주세요.,recycling,0,0,3,100,short_text,3,5,5,4,4,1
HM_0024,2026-W12,summer,park_area,indoor_preferred / rainy_days=3 / outdoor_days=7,indoor_preferred,24.2,3,7,1,이번 주 히든 미션: 이웃 배려 행동,이번 주 안에 이웃을 배려한 작은 행동을 실천하고 후기를 남겨주세요.,kindness_action,0,0,1,80,photo,5,5,5,4,5,1
HM_0025,2026-W01,summer,park_area,hot_week / rainy_days=5 / outdoor_days=2,hot_week,32.2,5,2,3,이번 주 히든 미션: 따뜻한 한마디,동네 사람이나 팀원에게 응원과 배려를 실천하고 인증하세요.,kindness_action,0,0,1,70,short_text,5,5,5,4,5,1
HM_0026,2026-W02,fall,residential,outdoor_good / rainy_days=0 / outdoor_days=1,outdoor_good,16.1,0,1,4,이번 주 히든 미션: 에너지 세이브,사용하지 않는 전등과 멀티탭을 끄고 절전 인증을 남겨주세요.,energy_saving,0,0,3,80,group_photo,2,5,5,3,4,1
HM_0027,2026-W03,winter,park_area,mixed / rainy_days=5 / outdoor_days=6,mixed,5.5,5,6,1,이번 주 히든 미션: 따뜻한 한마디,동네 사람이나 팀원에게 응원과 배려를 실천하고 인증하세요.,kindness_action,0,0,1,70,group_photo,4,5,5,4,4,1
HM_0028,2026-W04,spring,school_area,cold_week / rainy_days=1 / outdoor_days=2,cold_week,13.1,1,2,3,이번 주 히든 미션: 절전 챌린지,이번 주 안에 집이나 공동공간에서 전기 절약 행동을 실천하고 인증해보세요.,energy_saving,0,0,5,100,short_text,5,5,4,3,4,1
HM_0029,2026-W05,spring,school_area,mixed / rainy_days=3 / outdoor_days=4,mixed,12.1,3,4,1,이번 주 히든 미션: 동네 산책 미션,가까운 길을 함께 산책하고 짧은 소감을 남겨주세요.,group_walk,1,1,2,50,short_text,5,4,4,4,4,1
HM_0030,2026-W06,spring,park_area,mixed / rainy_days=3 / outdoor_days=5,mixed,12.2,3,5,0,이번 주 히든 미션: 에너지 세이브,사용하지 않는 전등과 멀티탭을 끄고 절전 인증을 남겨주세요.,energy_saving,0,0,5,60,group_photo,5,5,4,2,4,1
HM_0031,2026-W07,winter,mixed_commercial,indoor_preferred / rainy_days=0 / outdoor_days=7,indoor_preferred,6.2,0,7,3,이번 주 히든 미션: 분리수거 실천,이번 주 안에 올바른 분리수거를 실천하고 사진과 짧은 설명을 남겨주세요.,recycling,0,0,5,80,photo,3,5,4,3,4,1
HM_0032,2026-W08,spring,mixed_commercial,indoor_preferred / rainy_days=3 / outdoor_days=5,indoor_preferred,18.0,3,5,4,이번 주 히든 미션: 에너지 세이브,사용하지 않는 전등과 멀티탭을 끄고 절전 인증을 남겨주세요.,energy_saving,0,0,2,80,short_text,4,5,5,4,4,1
HM_0033,2026-W09,summer,school_area,cold_week / rainy_days=1 / outdoor_days=3,cold_week,26.4,1,3,2,이번 주 히든 미션: 이웃 배려 행동,이번 주 안에 이웃을 배려한 작은 행동을 실천하고 후기를 남겨주세요.,kindness_action,0,0,2,60,photo,5,5,5,4,5,1
HM_0034,2026-W10,summer,park_area,outdoor_good / rainy_days=3 / outdoor_days=4,outdoor_good,27.3,3,4,4,이번 주 히든 미션: 공원 정리 미션,공원이나 산책로 주변을 정리하고 단체 인증 사진을 올려주세요.,group_cleanup,1,1,4,50,short_text,5,2,1,2,2,0
HM_0035,2026-W11,winter,mixed_commercial,cold_week / rainy_days=1 / outdoor_days=3,cold_week,-2.1,1,3,3,이번 주 히든 미션: 절전 챌린지,이번 주 안에 집이나 공동공간에서 전기 절약 행동을 실천하고 인증해보세요.,energy_saving,0,0,4,70,group_photo,5,5,4,3,4,1
HM_0036,2026-W12,summer,mixed_commercial,indoor_preferred / rainy_days=5 / outdoor_days=1,indoor_preferred,29.3,5,1,0,이번 주 히든 미션: 절전 챌린지,이번 주 안에 집이나 공동공간에서 전기 절약 행동을 실천하고 인증해보세요.,energy_saving,0,0,4,60,photo,4,5,4,3,4,1
HM_0037,2026-W01,winter,school_area,indoor_preferred / rainy_days=3 / outdoor_days=3,indoor_preferred,-1.4,3,3,0,이번 주 히든 미션: 절전 챌린지,이번 주 안에 집이나 공동공간에서 전기 절약 행동을 실천하고 인증해보세요.,energy_saving,0,0,5,50,short_text,3,5,4,3,4,1
HM_0038,2026-W02,spring,residential,outdoor_good / rainy_days=1 / outdoor_days=4,outdoor_good,19.5,1,4,0,이번 주 히든 미션: 함께 걷기 챌린지,이번 주 안에 팀원과 함께 동네를 걸으며 건강과 대화를 챙겨보세요.,group_walk,1,1,4,70,short_text,4,4,3,3,4,1
HM_0039,2026-W03,spring,park_area,mixed / rainy_days=3 / outdoor_days=4,mixed,11.1,3,4,1,이번 주 히든 미션: 동네 플로깅 챌린지,이번 주 안에 팀원과 함께 동네를 걸으며 쓰레기 5개 이상을 줍고 인증하세요.,group_cleanup,1,1,1,70,group_photo,4,4,4,4,4,1
HM_0040,2026-W04,spring,school_area,cold_week / rainy_days=3 / outdoor_days=7,cold_week,14.3,3,7,3,이번 주 히든 미션: 공원 정리 미션,공원이나 산책로 주변을 정리하고 단체 인증 사진을 올려주세요.,group_cleanup,1,1,3,80,group_photo,5,1,1,3,2,0
HM_0041,2026-W05,winter,park_area,cold_week / rainy_days=3 / outdoor_days=4,cold_week,2.0,3,4,3,이번 주 히든 미션: 동네 산책 미션,가까운 길을 함께 산책하고 짧은 소감을 남겨주세요.,group_walk,1,1,3,60,photo,5,3,3,4,4,1
HM_0042,2026-W06,winter,park_area,hot_week / rainy_days=2 / outdoor_days=2,hot_week,1.4,2,2,3,이번 주 히든 미션: 재활용 점검,집이나 공동공간에서 재활용 가능한 물품을 구분해 인증하세요.,recycling,0,0,3,70,short_text,4,5,5,3,4,1
HM_0043,2026-W07,spring,park_area,outdoor_good / rainy_days=3 / outdoor_days=6,outdoor_good,12.4,3,6,3,이번 주 히든 미션: 절전 챌린지,이번 주 안에 집이나 공동공간에서 전기 절약 행동을 실천하고 인증해보세요.,energy_saving,0,0,1,70,photo,5,5,5,3,4,1
HM_0044,2026-W08,summer,school_area,cold_week / rainy_days=4 / outdoor_days=3,cold_week,29.5,4,3,2,이번 주 히든 미션: 에너지 세이브,사용하지 않는 전등과 멀티탭을 끄고 절전 인증을 남겨주세요.,energy_saving,0,0,3,70,photo,2,5,5,4,4,1
HM_0045,2026-W09,summer,school_area,outdoor_good / rainy_days=5 / outdoor_days=4,outdoor_good,33.5,5,4,2,이번 주 히든 미션: 동네 산책 미션,가까운 길을 함께 산책하고 짧은 소감을 남겨주세요.,group_walk,1,1,1,60,short_text,4,3,3,4,4,1
HM_0046,2026-W10,fall,park_area,mixed / rainy_days=4 / outdoor_days=3,mixed,11.8,4,3,1,이번 주 히든 미션: 절전 챌린지,이번 주 안에 집이나 공동공간에서 전기 절약 행동을 실천하고 인증해보세요.,energy_saving,0,0,1,100,short_text,5,5,5,3,4,1
HM_0047,2026-W11,winter,mixed_commercial,mixed / rainy_days=0 / outdoor_days=4,mixed,1.2,0,4,3,이번 주 히든 미션: 동네 플로깅 챌린지,이번 주 안에 팀원과 함께 동네를 걸으며 쓰레기 5개 이상을 줍고 인증하세요.,group_cleanup,1,1,2,60,group_photo,5,2,2,2,3,0
HM_0048,2026-W12,spring,park_area,outdoor_good / rainy_days=4 / outdoor_days=4,outdoor_good,15.6,4,4,3,이번 주 히든 미션: 에너지 세이브,사용하지 않는 전등과 멀티탭을 끄고 절전 인증을 남겨주세요.,energy_saving,0,0,5,80,short_text,2,5,4,2,3,0
HM_0049,2026-W01,spring,park_area,indoor_preferred / rainy_days=1 / outdoor_days=1,indoor_preferred,12.6,1,1,3,이번 주 히든 미션: 에너지 세이브,사용하지 않는 전등과 멀티탭을 끄고 절전 인증을 남겨주세요.,energy_saving,0,0,3,50,photo,4,5,5,4,4,1
HM_0050,2026-W02,fall,mixed_commercial,outdoor_good / rainy_days=5 / outdoor_days=7,outdoor_good,19.0,5,7,1,이번 주 히든 미션: 절전 챌린지,이번 주 안에 집이나 공동공간에서 전기 절약 행동을 실천하고 인증해보세요.,energy_saving,0,0,5,60,group_photo,3,5,4,2,4,1
HM_0051,2026-W03,fall,park_area,outdoor_good / rainy_days=2 / outdoor_days=4,outdoor_good,16.3,2,4,0,이번 주 히든 미션: 에너지 세이브,사용하지 않는 전등과 멀티탭을 끄고 절전 인증을 남겨주세요.,energy_saving,0,0,4,70,group_photo,5,5,4,2,4,1
HM_0052,2026-W04,winter,residential,cold_week / rainy_days=0 / outdoor_days=2,cold_week,-1.7,0,2,4,이번 주 히든 미션: 함께 걷기 챌린지,이번 주 안에 팀원과 함께 동네를 걸으며 건강과 대화를 챙겨보세요.,group_walk,1,1,3,100,photo,4,3,3,3,3,0
HM_0053,2026-W05,winter,mixed_commercial,mixed / rainy_days=0 / outdoor_days=4,mixed,1.4,0,4,2,이번 주 히든 미션: 에너지 세이브,사용하지 않는 전등과 멀티탭을 끄고 절전 인증을 남겨주세요.,energy_saving,0,0,3,50,photo,4,5,5,3,4,1
HM_0054,2026-W06,winter,mixed_commercial,mixed / rainy_days=0 / outdoor_days=3,mixed,-4.5,0,3,2,이번 주 히든 미션: 이웃 배려 행동,이번 주 안에 이웃을 배려한 작은 행동을 실천하고 후기를 남겨주세요.,kindness_action,0,0,4,100,photo,5,5,4,3,4,1
HM_0055,2026-W07,winter,residential,indoor_preferred / rainy_days=0 / outdoor_days=2,indoor_preferred,0.7,0,2,2,이번 주 히든 미션: 함께 걷기 챌린지,이번 주 안에 팀원과 함께 동네를 걸으며 건강과 대화를 챙겨보세요.,group_walk,1,1,3,80,group_photo,5,3,3,3,4,1
HM_0056,2026-W08,spring,residential,cold_week / rainy_days=3 / outdoor_days=1,cold_week,18.0,3,1,1,이번 주 히든 미션: 공원 정리 미션,공원이나 산책로 주변을 정리하고 단체 인증 사진을 올려주세요.,group_cleanup,1,1,1,60,short_text,5,3,3,3,4,1
HM_0057,2026-W09,fall,mixed_commercial,hot_week / rainy_days=4 / outdoor_days=5,hot_week,15.7,4,5,1,이번 주 히든 미션: 공원 정리 미션,공원이나 산책로 주변을 정리하고 단체 인증 사진을 올려주세요.,group_cleanup,1,1,4,70,group_photo,5,2,1,2,2,0
HM_0058,2026-W10,spring,school_area,mixed / rainy_days=3 / outdoor_days=5,mixed,18.4,3,5,3,이번 주 히든 미션: 따뜻한 한마디,동네 사람이나 팀원에게 응원과 배려를 실천하고 인증하세요.,kindness_action,0,0,5,100,short_text,5,5,4,3,4,1
HM_0059,2026-W11,fall,park_area,indoor_preferred / rainy_days=5 / outdoor_days=4,indoor_preferred,18.9,5,4,3,이번 주 히든 미션: 절전 챌린지,이번 주 안에 집이나 공동공간에서 전기 절약 행동을 실천하고 인증해보세요.,energy_saving,0,0,4,50,photo,4,5,4,3,4,1
HM_0060,2026-W12,spring,mixed_commercial,outdoor_good / rainy_days=5 / outdoor_days=2,outdoor_good,15.3,5,2,0,이번 주 히든 미션: 에너지 세이브,사용하지 않는 전등과 멀티탭을 끄고 절전 인증을 남겨주세요.,energy_saving,0,0,3,100,group_photo,5,5,5,3,4,1
HM_0061,2026-W01,spring,school_area,cold_week / rainy_days=4 / outdoor_days=1,cold_week,13.8,4,1,4,이번 주 히든 미션: 동네 플로깅 챌린지,이번 주 안에 팀원과 함께 동네를 걸으며 쓰레기 5개 이상을 줍고 인증하세요.,group_cleanup,1,1,3,60,group_photo,4,1,1,3,2,0
HM_0062,2026-W02,winter,residential,outdoor_good / rainy_days=0 / outdoor_days=3,outdoor_good,-4.4,0,3,2,이번 주 히든 미션: 따뜻한 한마디,동네 사람이나 팀원에게 응원과 배려를 실천하고 인증하세요.,kindness_action,0,0,2,60,group_photo,5,5,5,4,5,1
HM_0063,2026-W03,summer,park_area,indoor_preferred / rainy_days=4 / outdoor_days=2,indoor_preferred,32.7,4,2,1,이번 주 히든 미션: 에너지 세이브,사용하지 않는 전등과 멀티탭을 끄고 절전 인증을 남겨주세요.,energy_saving,0,0,4,70,group_photo,2,5,4,3,4,1
HM_0064,2026-W04,winter,school_area,cold_week / rainy_days=5 / outdoor_days=4,cold_week,2.6,5,4,2,이번 주 히든 미션: 에너지 세이브,사용하지 않는 전등과 멀티탭을 끄고 절전 인증을 남겨주세요.,energy_saving,0,0,2,80,short_text,2,5,5,4,4,1
HM_0065,2026-W05,summer,mixed_commercial,cold_week / rainy_days=5 / outdoor_days=4,cold_week,27.0,5,4,2,이번 주 히든 미션: 동네 플로깅 챌린지,이번 주 안에 팀원과 함께 동네를 걸으며 쓰레기 5개 이상을 줍고 인증하세요.,group_cleanup,1,1,5,80,short_text,5,2,1,2,2,0
HM_0066,2026-W06,fall,park_area,indoor_preferred / rainy_days=1 / outdoor_days=6,indoor_preferred,18.1,1,6,0,이번 주 히든 미션: 공원 정리 미션,공원이나 산책로 주변을 정리하고 단체 인증 사진을 올려주세요.,group_cleanup,1,1,4,50,group_photo,5,2,1,2,2,0
HM_0067,2026-W07,summer,residential,mixed / rainy_days=2 / outdoor_days=5,mixed,28.2,2,5,4,이번 주 히든 미션: 이웃 배려 행동,이번 주 안에 이웃을 배려한 작은 행동을 실천하고 후기를 남겨주세요.,kindness_action,0,0,3,80,short_text,4,5,5,4,4,1
HM_0068,2026-W08,spring,mixed_commercial,outdoor_good / rainy_days=3 / outdoor_days=7,outdoor_good,11.4,3,7,4,이번 주 히든 미션: 이웃 배려 행동,이번 주 안에 이웃을 배려한 작은 행동을 실천하고 후기를 남겨주세요.,kindness_action,0,0,4,50,short_text,2,5,4,3,4,1
HM_0069,2026-W09,winter,school_area,mixed / rainy_days=1 / outdoor_days=4,mixed,-3.6,1,4,0,이번 주 히든 미션: 동네 산책 미션,가까운 길을 함께 산책하고 짧은 소감을 남겨주세요.,group_walk,1,1,5,60,group_photo,3,4,3,3,3,0
HM_0070,2026-W10,winter,school_area,hot_week / rainy_days=0 / outdoor_days=1,hot_week,7.9,0,1,1,이번 주 히든 미션: 함께 걷기 챌린지,이번 주 안에 팀원과 함께 동네를 걸으며 건강과 대화를 챙겨보세요.,group_walk,1,1,4,80,short_text,5,3,2,2,3,0
HM_0071,2026-W11,summer,mixed_commercial,outdoor_good / rainy_days=5 / outdoor_days=3,outdoor_good,30.2,5,3,1,이번 주 히든 미션: 에너지 세이브,사용하지 않는 전등과 멀티탭을 끄고 절전 인증을 남겨주세요.,energy_saving,0,0,2,70,photo,4,5,5,3,4,1
HM_0072,2026-W12,fall,residential,hot_week / rainy_days=0 / outdoor_days=6,hot_week,21.3,0,6,1,이번 주 히든 미션: 함께 걷기 챌린지,이번 주 안에 팀원과 함께 동네를 걸으며 건강과 대화를 챙겨보세요.,group_walk,1,1,1,70,photo,4,3,3,4,4,1
HM_0073,2026-W01,summer,residential,cold_week / rainy_days=1 / outdoor_days=7,cold_week,26.2,1,7,4,이번 주 히든 미션: 공원 정리 미션,공원이나 산책로 주변을 정리하고 단체 인증 사진을 올려주세요.,group_cleanup,1,1,2,60,group_photo,5,1,1,2,2,0
HM_0074,2026-W02,summer,residential,outdoor_good / rainy_days=0 / outdoor_days=2,outdoor_good,27.6,0,2,2,이번 주 히든 미션: 동네 플로깅 챌린지,이번 주 안에 팀원과 함께 동네를 걸으며 쓰레기 5개 이상을 줍고 인증하세요.,group_cleanup,1,1,4,100,photo,4,4,3,2,3,0
HM_0075,2026-W03,winter,mixed_commercial,mixed / rainy_days=0 / outdoor_days=6,mixed,7.3,0,6,4,이번 주 히든 미션: 따뜻한 한마디,동네 사람이나 팀원에게 응원과 배려를 실천하고 인증하세요.,kindness_action,0,0,1,50,short_text,5,5,5,4,5,1
HM_0076,2026-W04,winter,residential,hot_week / rainy_days=1 / outdoor_days=1,hot_week,-0.8,1,1,1,이번 주 히든 미션: 따뜻한 한마디,동네 사람이나 팀원에게 응원과 배려를 실천하고 인증하세요.,kindness_action,0,0,4,100,group_photo,4,5,4,3,4,1
HM_0077,2026-W05,winter,mixed_commercial,outdoor_good / rainy_days=4 / outdoor_days=6,outdoor_good,6.4,4,6,1,이번 주 히든 미션: 에너지 세이브,사용하지 않는 전등과 멀티탭을 끄고 절전 인증을 남겨주세요.,energy_saving,0,0,2,80,short_text,5,5,5,3,4,1
HM_0078,2026-W06,winter,mixed_commercial,outdoor_good / rainy_days=5 / outdoor_days=4,outdoor_good,7.4,5,4,0,이번 주 히든 미션: 동네 플로깅 챌린지,이번 주 안에 팀원과 함께 동네를 걸으며 쓰레기 5개 이상을 줍고 인증하세요.,group_cleanup,1,1,1,80,photo,5,3,3,3,4,1
HM_0079,2026-W07,summer,residential,cold_week / rainy_days=5 / outdoor_days=7,cold_week,29.6,5,7,3,이번 주 히든 미션: 공원 정리 미션,공원이나 산책로 주변을 정리하고 단체 인증 사진을 올려주세요.,group_cleanup,1,1,5,70,short_text,4,1,1,1,2,0
HM_0080,2026-W08,summer,park_area,hot_week / rainy_days=2 / outdoor_days=5,hot_week,25.1,2,5,1,이번 주 히든 미션: 절전 챌린지,이번 주 안에 집이나 공동공간에서 전기 절약 행동을 실천하고 인증해보세요.,energy_saving,0,0,5,70,photo,3,5,4,3,4,1
HM_0081,2026-W09,fall,school_area,mixed / rainy_days=0 / outdoor_days=2,mixed,10.0,0,2,0,이번 주 히든 미션: 동네 플로깅 챌린지,이번 주 안에 팀원과 함께 동네를 걸으며 쓰레기 5개 이상을 줍고 인증하세요.,group_cleanup,1,1,4,80,short_text,5,4,3,3,4,1
HM_0082,2026-W10,summer,school_area,mixed / rainy_days=0 / outdoor_days=2,mixed,31.8,0,2,1,이번 주 히든 미션: 함께 걷기 챌린지,이번 주 안에 팀원과 함께 동네를 걸으며 건강과 대화를 챙겨보세요.,group_walk,1,1,1,70,short_text,5,4,4,3,4,1
HM_0083,2026-W11,winter,mixed_commercial,hot_week / rainy_days=2 / outdoor_days=6,hot_week,0.6,2,6,4,이번 주 히든 미션: 에너지 세이브,사용하지 않는 전등과 멀티탭을 끄고 절전 인증을 남겨주세요.,energy_saving,0,0,1,60,short_text,2,5,5,4,4,1
HM_0084,2026-W12,spring,park_area,mixed / rainy_days=0 / outdoor_days=1,mixed,19.5,0,1,3,이번 주 히든 미션: 절전 챌린지,이번 주 안에 집이나 공동공간에서 전기 절약 행동을 실천하고 인증해보세요.,energy_saving,0,0,2,80,group_photo,3,5,5,3,4,1
HM_0085,2026-W01,fall,residential,hot_week / rainy_days=2 / outdoor_days=5,hot_week,8.3,2,5,3,이번 주 히든 미션: 동네 산책 미션,가까운 길을 함께 산책하고 짧은 소감을 남겨주세요.,group_walk,1,1,4,70,photo,5,3,2,3,3,0
HM_0086,2026-W02,spring,school_area,indoor_preferred / rainy_days=0 / outdoor_days=4,indoor_preferred,18.0,0,4,0,이번 주 히든 미션: 재활용 점검,집이나 공동공간에서 재활용 가능한 물품을 구분해 인증하세요.,recycling,0,0,5,80,group_photo,2,5,4,3,4,1
HM_0087,2026-W03,winter,school_area,mixed / rainy_days=4 / outdoor_days=5,mixed,3.2,4,5,1,이번 주 히든 미션: 따뜻한 한마디,동네 사람이나 팀원에게 응원과 배려를 실천하고 인증하세요.,kindness_action,0,0,2,60,photo,3,5,5,4,4,1
HM_0088,2026-W04,fall,park_area,indoor_preferred / rainy_days=5 / outdoor_days=4,indoor_preferred,17.2,5,4,3,이번 주 히든 미션: 동네 산책 미션,가까운 길을 함께 산책하고 짧은 소감을 남겨주세요.,group_walk,1,1,5,100,short_text,5,2,1,3,3,0
HM_0089,2026-W05,summer,mixed_commercial,outdoor_good / rainy_days=2 / outdoor_days=5,outdoor_good,30.3,2,5,0,이번 주 히든 미션: 따뜻한 한마디,동네 사람이나 팀원에게 응원과 배려를 실천하고 인증하세요.,kindness_action,0,0,4,50,photo,4,5,4,3,4,1
HM_0090,2026-W06,fall,residential,outdoor_good / rainy_days=5 / outdoor_days=1,outdoor_good,14.5,5,1,3,이번 주 히든 미션: 함께 걷기 챌린지,이번 주 안에 팀원과 함께 동네를 걸으며 건강과 대화를 챙겨보세요.,group_walk,1,1,3,100,short_text,4,3,3,3,3,0
HM_0091,2026-W07,spring,mixed_commercial,outdoor_good / rainy_days=5 / outdoor_days=2,outdoor_good,18.1,5,2,0,이번 주 히든 미션: 재활용 점검,집이나 공동공간에서 재활용 가능한 물품을 구분해 인증하세요.,recycling,0,0,4,100,group_photo,3,5,4,2,4,1
HM_0092,2026-W08,fall,school_area,mixed / rainy_days=5 / outdoor_days=6,mixed,17.5,5,6,2,이번 주 히든 미션: 공원 정리 미션,공원이나 산책로 주변을 정리하고 단체 인증 사진을 올려주세요.,group_cleanup,1,1,1,100,group_photo,5,3,3,4,4,1
HM_0093,2026-W09,fall,school_area,cold_week / rainy_days=2 / outdoor_days=3,cold_week,16.2,2,3,3,이번 주 히든 미션: 분리수거 실천,이번 주 안에 올바른 분리수거를 실천하고 사진과 짧은 설명을 남겨주세요.,recycling,0,0,3,100,short_text,4,5,5,3,4,1
HM_0094,2026-W10,summer,residential,hot_week / rainy_days=2 / outdoor_days=7,hot_week,24.2,2,7,3,이번 주 히든 미션: 분리수거 실천,이번 주 안에 올바른 분리수거를 실천하고 사진과 짧은 설명을 남겨주세요.,recycling,0,0,2,60,photo,4,5,5,3,4,1
HM_0095,2026-W11,spring,residential,mixed / rainy_days=1 / outdoor_days=7,mixed,18.8,1,7,4,이번 주 히든 미션: 재활용 점검,집이나 공동공간에서 재활용 가능한 물품을 구분해 인증하세요.,recycling,0,0,1,80,short_text,3,5,5,4,4,1
HM_0096,2026-W12,winter,school_area,hot_week / rainy_days=1 / outdoor_days=3,hot_week,5.2,1,3,4,이번 주 히든 미션: 에너지 세이브,사용하지 않는 전등과 멀티탭을 끄고 절전 인증을 남겨주세요.,energy_saving,0,0,3,80,group_photo,5,5,5,4,5,1
HM_0097,2026-W01,summer,park_area,cold_week / rainy_days=4 / outdoor_days=1,cold_week,26.5,4,1,4,이번 주 히든 미션: 공원 정리 미션,공원이나 산책로 주변을 정리하고 단체 인증 사진을 올려주세요.,group_cleanup,1,1,1,60,short_text,5,1,1,3,2,0
HM_0098,2026-W02,summer,mixed_commercial,outdoor_good / rainy_days=0 / outdoor_days=4,outdoor_good,26.2,0,4,0,이번 주 히든 미션: 에너지 세이브,사용하지 않는 전등과 멀티탭을 끄고 절전 인증을 남겨주세요.,energy_saving,0,0,2,80,photo,4,5,5,3,4,1
HM_0099,2026-W03,summer,residential,mixed / rainy_days=1 / outdoor_days=1,mixed,32.4,1,1,2,이번 주 히든 미션: 절전 챌린지,이번 주 안에 집이나 공동공간에서 전기 절약 행동을 실천하고 인증해보세요.,energy_saving,0,0,4,80,group_photo,2,5,4,2,3,0
HM_0100,2026-W04,spring,residential,mixed / rainy_days=3 / outdoor_days=1,mixed,12.2,3,1,2,이번 주 히든 미션: 재활용 점검,집이나 공동공간에서 재활용 가능한 물품을 구분해 인증하세요.,recycling,0,0,1,50,photo,5,5,5,4,5,1
HM_0101,2026-W05,winter,residential,outdoor_good / rainy_days=4 / outdoor_days=2,outdoor_good,3.2,4,2,1,이번 주 히든 미션: 따뜻한 한마디,동네 사람이나 팀원에게 응원과 배려를 실천하고 인증하세요.,kindness_action,0,0,1,100,short_text,3,5,5,4,4,1
HM_0102,2026-W06,winter,park_area,outdoor_good / rainy_days=4 / outdoor_days=5,outdoor_good,2.1,4,5,0,이번 주 히든 미션: 에너지 세이브,사용하지 않는 전등과 멀티탭을 끄고 절전 인증을 남겨주세요.,energy_saving,0,0,1,80,short_text,4,5,5,3,4,1
HM_0103,2026-W07,spring,school_area,outdoor_good / rainy_days=5 / outdoor_days=7,outdoor_good,13.4,5,7,2,이번 주 히든 미션: 분리수거 실천,이번 주 안에 올바른 분리수거를 실천하고 사진과 짧은 설명을 남겨주세요.,recycling,0,0,3,100,short_text,3,5,5,3,4,1
HM_0104,2026-W08,winter,mixed_commercial,indoor_preferred / rainy_days=2 / outdoor_days=2,indoor_preferred,0.9,2,2,0,이번 주 히든 미션: 분리수거 실천,이번 주 안에 올바른 분리수거를 실천하고 사진과 짧은 설명을 남겨주세요.,recycling,0,0,3,70,group_photo,5,5,5,4,5,1
HM_0105,2026-W09,winter,school_area,outdoor_good / rainy_days=5 / outdoor_days=3,outdoor_good,5.2,5,3,2,이번 주 히든 미션: 공원 정리 미션,공원이나 산책로 주변을 정리하고 단체 인증 사진을 올려주세요.,group_cleanup,1,1,4,80,group_photo,5,3,2,3,3,0
HM_0106,2026-W10,winter,school_area,indoor_preferred / rainy_days=0 / outdoor_days=6,indoor_preferred,1.8,0,6,3,이번 주 히든 미션: 공원 정리 미션,공원이나 산책로 주변을 정리하고 단체 인증 사진을 올려주세요.,group_cleanup,1,1,5,60,group_photo,5,2,1,2,2,0
HM_0107,2026-W11,fall,residential,outdoor_good / rainy_days=1 / outdoor_days=6,outdoor_good,14.2,1,6,3,이번 주 히든 미션: 따뜻한 한마디,동네 사람이나 팀원에게 응원과 배려를 실천하고 인증하세요.,kindness_action,0,0,1,70,group_photo,5,5,5,4,5,1
HM_0108,2026-W12,fall,residential,outdoor_good / rainy_days=1 / outdoor_days=1,outdoor_good,15.2,1,1,1,이번 주 히든 미션: 동네 산책 미션,가까운 길을 함께 산책하고 짧은 소감을 남겨주세요.,group_walk,1,1,1,60,photo,4,4,4,3,4,1
HM_0109,2026-W01,fall,school_area,hot_week / rainy_days=2 / outdoor_days=3,hot_week,10.1,2,3,3,이번 주 히든 미션: 동네 플로깅 챌린지,이번 주 안에 팀원과 함께 동네를 걸으며 쓰레기 5개 이상을 줍고 인증하세요.,group_cleanup,1,1,5,70,short_text,5,1,1,2,2,0
HM_0110,2026-W02,fall,park_area,outdoor_good / rainy_days=0 / outdoor_days=3,outdoor_good,15.2,0,3,2,이번 주 히든 미션: 절전 챌린지,이번 주 안에 집이나 공동공간에서 전기 절약 행동을 실천하고 인증해보세요.,energy_saving,0,0,5,70,group_photo,5,5,4,2,4,1
HM_0111,2026-W03,summer,residential,indoor_preferred / rainy_days=0 / outdoor_days=7,indoor_preferred,28.5,0,7,2,이번 주 히든 미션: 이웃 배려 행동,이번 주 안에 이웃을 배려한 작은 행동을 실천하고 후기를 남겨주세요.,kindness_action,0,0,5,100,short_text,4,5,4,3,4,1
HM_0112,2026-W04,summer,park_area,mixed / rainy_days=3 / outdoor_days=1,mixed,25.2,3,1,2,이번 주 히든 미션: 동네 산책 미션,가까운 길을 함께 산책하고 짧은 소감을 남겨주세요.,group_walk,1,1,4,100,photo,3,4,3,2,3,0
HM_0113,2026-W05,spring,school_area,hot_week / rainy_days=4 / outdoor_days=1,hot_week,20.0,4,1,1,이번 주 히든 미션: 이웃 배려 행동,이번 주 안에 이웃을 배려한 작은 행동을 실천하고 후기를 남겨주세요.,kindness_action,0,0,4,80,group_photo,4,5,4,3,4,1
HM_0114,2026-W06,summer,park_area,indoor_preferred / rainy_days=1 / outdoor_days=3,indoor_preferred,33.1,1,3,1,이번 주 히든 미션: 재활용 점검,집이나 공동공간에서 재활용 가능한 물품을 구분해 인증하세요.,recycling,0,0,2,70,group_photo,4,5,5,4,4,1
HM_0115,2026-W07,spring,school_area,indoor_preferred / rainy_days=4 / outdoor_days=1,indoor_preferred,16.4,4,1,4,이번 주 히든 미션: 분리수거 실천,이번 주 안에 올바른 분리수거를 실천하고 사진과 짧은 설명을 남겨주세요.,recycling,0,0,2,100,group_photo,4,5,5,4,4,1
HM_0116,2026-W08,spring,residential,outdoor_good / rainy_days=4 / outdoor_days=4,outdoor_good,10.5,4,4,4,이번 주 히든 미션: 공원 정리 미션,공원이나 산책로 주변을 정리하고 단체 인증 사진을 올려주세요.,group_cleanup,1,1,5,70,group_photo,5,1,1,1,2,0
HM_0117,2026-W09,winter,park_area,hot_week / rainy_days=3 / outdoor_days=4,hot_week,0.7,3,4,1,이번 주 히든 미션: 이웃 배려 행동,이번 주 안에 이웃을 배려한 작은 행동을 실천하고 후기를 남겨주세요.,kindness_action,0,0,3,70,group_photo,4,5,5,4,4,1
HM_0118,2026-W10,winter,park_area,mixed / rainy_days=3 / outdoor_days=2,mixed,-3.4,3,2,1,이번 주 히든 미션: 동네 플로깅 챌린지,이번 주 안에 팀원과 함께 동네를 걸으며 쓰레기 5개 이상을 줍고 인증하세요.,group_cleanup,1,1,3,80,group_photo,5,4,4,4,4,1
HM_0119,2026-W11,summer,park_area,mixed / rainy_days=4 / outdoor_days=4,mixed,31.2,4,4,3,이번 주 히든 미션: 따뜻한 한마디,동네 사람이나 팀원에게 응원과 배려를 실천하고 인증하세요.,kindness_action,0,0,1,50,short_text,5,5,5,4,5,1
HM_0120,2026-W12,summer,park_area,cold_week / rainy_days=5 / outdoor_days=6,cold_week,24.5,5,6,3,이번 주 히든 미션: 이웃 배려 행동,이번 주 안에 이웃을 배려한 작은 행동을 실천하고 후기를 남겨주세요.,kindness_action,0,0,1,80,photo,4,5,5,4,4,1
HM_0121,2026-W01,fall,mixed_commercial,mixed / rainy_days=2 / outdoor_days=1,mixed,15.9,2,1,3,이번 주 히든 미션: 동네 산책 미션,가까운 길을 함께 산책하고 짧은 소감을 남겨주세요.,group_walk,1,1,5,70,group_photo,3,4,3,2,3,0
HM_0122,2026-W02,summer,residential,hot_week / rainy_days=1 / outdoor_days=2,hot_week,33.9,1,2,4,이번 주 히든 미션: 동네 산책 미션,가까운 길을 함께 산책하고 짧은 소감을 남겨주세요.,group_walk,1,1,5,50,photo,3,3,2,2,2,0
HM_0123,2026-W03,summer,school_area,hot_week / rainy_days=4 / outdoor_days=3,hot_week,25.5,4,3,1,이번 주 히든 미션: 에너지 세이브,사용하지 않는 전등과 멀티탭을 끄고 절전 인증을 남겨주세요.,energy_saving,0,0,5,70,group_photo,5,5,4,3,4,1
HM_0124,2026-W04,fall,mixed_commercial,outdoor_good / rainy_days=5 / outdoor_days=7,outdoor_good,21.7,5,7,0,이번 주 히든 미션: 동네 산책 미션,가까운 길을 함께 산책하고 짧은 소감을 남겨주세요.,group_walk,1,1,3,100,group_photo,4,3,3,4,4,1
HM_0125,2026-W05,spring,mixed_commercial,indoor_preferred / rainy_days=5 / outdoor_days=2,indoor_preferred,15.2,5,2,0,이번 주 히든 미션: 함께 걷기 챌린지,이번 주 안에 팀원과 함께 동네를 걸으며 건강과 대화를 챙겨보세요.,group_walk,1,1,2,50,short_text,5,2,2,3,3,0
HM_0126,2026-W06,winter,park_area,hot_week / rainy_days=5 / outdoor_days=6,hot_week,7.0,5,6,0,이번 주 히든 미션: 분리수거 실천,이번 주 안에 올바른 분리수거를 실천하고 사진과 짧은 설명을 남겨주세요.,recycling,0,0,5,70,group_photo,5,5,4,2,4,1
HM_0127,2026-W07,winter,school_area,indoor_preferred / rainy_days=5 / outdoor_days=6,indoor_preferred,3.8,5,6,2,이번 주 히든 미션: 동네 산책 미션,가까운 길을 함께 산책하고 짧은 소감을 남겨주세요.,group_walk,1,1,2,60,short_text,5,2,2,4,3,0
HM_0128,2026-W08,summer,school_area,mixed / rainy_days=4 / outdoor_days=7,mixed,30.9,4,7,2,이번 주 히든 미션: 이웃 배려 행동,이번 주 안에 이웃을 배려한 작은 행동을 실천하고 후기를 남겨주세요.,kindness_action,0,0,5,100,short_text,5,5,4,3,4,1
HM_0129,2026-W09,fall,park_area,mixed / rainy_days=5 / outdoor_days=3,mixed,9.1,5,3,3,이번 주 히든 미션: 분리수거 실천,이번 주 안에 올바른 분리수거를 실천하고 사진과 짧은 설명을 남겨주세요.,recycling,0,0,5,70,group_photo,4,5,4,3,4,1
HM_0130,2026-W10,summer,residential,cold_week / rainy_days=1 / outdoor_days=6,cold_week,26.4,1,6,1,이번 주 히든 미션: 동네 플로깅 챌린지,이번 주 안에 팀원과 함께 동네를 걸으며 쓰레기 5개 이상을 줍고 인증하세요.,group_cleanup,1,1,4,70,group_photo,5,3,2,2,3,0
HM_0131,2026-W11,spring,park_area,outdoor_good / rainy_days=3 / outdoor_days=4,outdoor_good,19.6,3,4,1,이번 주 히든 미션: 따뜻한 한마디,동네 사람이나 팀원에게 응원과 배려를 실천하고 인증하세요.,kindness_action,0,0,3,50,photo,3,5,5,4,4,1
HM_0132,2026-W12,spring,park_area,hot_week / rainy_days=3 / outdoor_days=7,hot_week,18.8,3,7,3,이번 주 히든 미션: 재활용 점검,집이나 공동공간에서 재활용 가능한 물품을 구분해 인증하세요.,recycling,0,0,1,50,short_text,2,5,5,3,4,1
HM_0133,2026-W01,fall,school_area,hot_week / rainy_days=4 / outdoor_days=4,hot_week,14.9,4,4,2,이번 주 히든 미션: 분리수거 실천,이번 주 안에 올바른 분리수거를 실천하고 사진과 짧은 설명을 남겨주세요.,recycling,0,0,3,60,group_photo,5,5,5,3,4,1
HM_0134,2026-W02,fall,park_area,outdoor_good / rainy_days=1 / outdoor_days=5,outdoor_good,15.9,1,5,3,이번 주 히든 미션: 에너지 세이브,사용하지 않는 전등과 멀티탭을 끄고 절전 인증을 남겨주세요.,energy_saving,0,0,1,80,group_photo,2,5,5,3,4,1
HM_0135,2026-W03,summer,park_area,hot_week / rainy_days=2 / outdoor_days=3,hot_week,26.5,2,3,2,이번 주 히든 미션: 함께 걷기 챌린지,이번 주 안에 팀원과 함께 동네를 걸으며 건강과 대화를 챙겨보세요.,group_walk,1,1,3,70,group_photo,4,3,3,3,3,0
HM_0136,2026-W04,spring,residential,hot_week / rainy_days=5 / outdoor_days=7,hot_week,13.1,5,7,2,이번 주 히든 미션: 공원 정리 미션,공원이나 산책로 주변을 정리하고 단체 인증 사진을 올려주세요.,group_cleanup,1,1,3,100,photo,5,2,2,3,3,0
HM_0137,2026-W05,summer,mixed_commercial,indoor_preferred / rainy_days=3 / outdoor_days=7,indoor_preferred,33.9,3,7,4,이번 주 히든 미션: 분리수거 실천,이번 주 안에 올바른 분리수거를 실천하고 사진과 짧은 설명을 남겨주세요.,recycling,0,0,5,50,group_photo,5,5,4,3,4,1
HM_0138,2026-W06,fall,residential,cold_week / rainy_days=4 / outdoor_days=2,cold_week,20.6,4,2,1,이번 주 히든 미션: 따뜻한 한마디,동네 사람이나 팀원에게 응원과 배려를 실천하고 인증하세요.,kindness_action,0,0,1,60,group_photo,5,5,5,4,5,1
HM_0139,2026-W07,spring,mixed_commercial,outdoor_good / rainy_days=3 / outdoor_days=6,outdoor_good,14.5,3,6,2,이번 주 히든 미션: 공원 정리 미션,공원이나 산책로 주변을 정리하고 단체 인증 사진을 올려주세요.,group_cleanup,1,1,3,50,group_photo,5,4,4,3,4,1
HM_0140,2026-W08,spring,residential,hot_week / rainy_days=0 / outdoor_days=4,hot_week,13.4,0,4,0,이번 주 히든 미션: 따뜻한 한마디,동네 사람이나 팀원에게 응원과 배려를 실천하고 인증하세요.,kindness_action,0,0,2,60,group_photo,5,5,5,4,5,1
HM_0141,2026-W09,fall,mixed_commercial,hot_week / rainy_days=5 / outdoor_days=7,hot_week,13.3,5,7,4,이번 주 히든 미션: 재활용 점검,집이나 공동공간에서 재활용 가능한 물품을 구분해 인증하세요.,recycling,0,0,1,60,group_photo,5,5,5,3,4,1
HM_0142,2026-W10,summer,park_area,outdoor_good / rainy_days=3 / outdoor_days=5,outdoor_good,33.8,3,5,3,이번 주 히든 미션: 분리수거 실천,이번 주 안에 올바른 분리수거를 실천하고 사진과 짧은 설명을 남겨주세요.,recycling,0,0,4,70,photo,4,5,4,2,4,1
HM_0143,2026-W11,summer,residential,outdoor_good / rainy_days=0 / outdoor_days=2,outdoor_good,28.2,0,2,1,이번 주 히든 미션: 동네 플로깅 챌린지,이번 주 안에 팀원과 함께 동네를 걸으며 쓰레기 5개 이상을 줍고 인증하세요.,group_cleanup,1,1,5,50,short_text,4,4,3,2,3,0
HM_0144,2026-W12,summer,residential,hot_week / rainy_days=1 / outdoor_days=5,hot_week,29.4,1,5,2,이번 주 히든 미션: 재활용 점검,집이나 공동공간에서 재활용 가능한 물품을 구분해 인증하세요.,recycling,0,0,5,100,group_photo,4,5,4,2,4,1
HM_0145,2026-W01,summer,school_area,indoor_preferred / rainy_days=4 / outdoor_days=5,indoor_preferred,29.2,4,5,1,이번 주 히든 미션: 에너지 세이브,사용하지 않는 전등과 멀티탭을 끄고 절전 인증을 남겨주세요.,energy_saving,0,0,1,70,group_photo,5,5,5,4,5,1
HM_0146,2026-W02,fall,mixed_commercial,hot_week / rainy_days=1 / outdoor_days=3,hot_week,18.6,1,3,1,이번 주 히든 미션: 절전 챌린지,이번 주 안에 집이나 공동공간에서 전기 절약 행동을 실천하고 인증해보세요.,energy_saving,0,0,5,80,short_text,3,5,4,3,4,1
HM_0147,2026-W03,winter,park_area,mixed / rainy_days=0 / outdoor_days=5,mixed,6.0,0,5,1,이번 주 히든 미션: 공원 정리 미션,공원이나 산책로 주변을 정리하고 단체 인증 사진을 올려주세요.,group_cleanup,1,1,4,100,group_photo,4,4,3,3,4,1
HM_0148,2026-W04,spring,park_area,cold_week / rainy_days=2 / outdoor_days=3,cold_week,17.2,2,3,0,이번 주 히든 미션: 분리수거 실천,이번 주 안에 올바른 분리수거를 실천하고 사진과 짧은 설명을 남겨주세요.,recycling,0,0,1,80,photo,3,5,5,3,4,1
HM_0149,2026-W05,winter,park_area,cold_week / rainy_days=2 / outdoor_days=3,cold_week,3.4,2,3,2,이번 주 히든 미션: 동네 산책 미션,가까운 길을 함께 산책하고 짧은 소감을 남겨주세요.,group_walk,1,1,4,50,group_photo,5,3,2,2,3,0
HM_0150,2026-W06,fall,park_area,mixed / rainy_days=0 / outdoor_days=3,mixed,20.1,0,3,4,이번 주 히든 미션: 동네 산책 미션,가까운 길을 함께 산책하고 짧은 소감을 남겨주세요.,group_walk,1,1,3,60,photo,5,4,4,3,4,1
HM_0151,2026-W07,summer,mixed_commercial,cold_week / rainy_days=2 / outdoor_days=7,cold_week,29.0,2,7,3,이번 주 히든 미션: 에너지 세이브,사용하지 않는 전등과 멀티탭을 끄고 절전 인증을 남겨주세요.,energy_saving,0,0,2,70,photo,3,5,5,4,4,1
HM_0152,2026-W08,winter,park_area,cold_week / rainy_days=0 / outdoor_days=7,cold_week,5.9,0,7,0,이번 주 히든 미션: 공원 정리 미션,공원이나 산책로 주변을 정리하고 단체 인증 사진을 올려주세요.,group_cleanup,1,1,2,60,photo,5,3,3,4,4,1
HM_0153,2026-W09,spring,park_area,cold_week / rainy_days=3 / outdoor_days=6,cold_week,14.6,3,6,3,이번 주 히든 미션: 동네 플로깅 챌린지,이번 주 안에 팀원과 함께 동네를 걸으며 쓰레기 5개 이상을 줍고 인증하세요.,group_cleanup,1,1,5,100,short_text,4,1,1,2,2,0
HM_0154,2026-W10,spring,school_area,cold_week / rainy_days=1 / outdoor_days=1,cold_week,19.8,1,1,0,이번 주 히든 미션: 함께 걷기 챌린지,이번 주 안에 팀원과 함께 동네를 걸으며 건강과 대화를 챙겨보세요.,group_walk,1,1,2,60,group_photo,5,3,3,3,4,1
HM_0155,2026-W11,fall,school_area,hot_week / rainy_days=5 / outdoor_days=2,hot_week,14.4,5,2,2,이번 주 히든 미션: 동네 플로깅 챌린지,이번 주 안에 팀원과 함께 동네를 걸으며 쓰레기 5개 이상을 줍고 인증하세요.,group_cleanup,1,1,1,80,short_text,5,2,2,4,3,0
HM_0156,2026-W12,winter,residential,outdoor_good / rainy_days=2 / outdoor_days=5,outdoor_good,3.4,2,5,0,이번 주 히든 미션: 함께 걷기 챌린지,이번 주 안에 팀원과 함께 동네를 걸으며 건강과 대화를 챙겨보세요.,group_walk,1,1,2,60,group_photo,5,4,4,4,4,1
HM_0157,2026-W01,fall,residential,outdoor_good / rainy_days=1 / outdoor_days=7,outdoor_good,15.6,1,7,2,이번 주 히든 미션: 동네 플로깅 챌린지,이번 주 안에 팀원과 함께 동네를 걸으며 쓰레기 5개 이상을 줍고 인증하세요.,group_cleanup,1,1,5,60,group_photo,5,4,3,2,4,1
HM_0158,2026-W02,spring,school_area,indoor_preferred / rainy_days=4 / outdoor_days=3,indoor_preferred,15.6,4,3,3,이번 주 히든 미션: 분리수거 실천,이번 주 안에 올바른 분리수거를 실천하고 사진과 짧은 설명을 남겨주세요.,recycling,0,0,5,70,photo,2,5,4,3,4,1
HM_0159,2026-W03,winter,park_area,outdoor_good / rainy_days=2 / outdoor_days=1,outdoor_good,0.2,2,1,2,이번 주 히든 미션: 에너지 세이브,사용하지 않는 전등과 멀티탭을 끄고 절전 인증을 남겨주세요.,energy_saving,0,0,2,70,group_photo,5,5,5,3,4,1
HM_0160,2026-W04,winter,park_area,cold_week / rainy_days=5 / outdoor_days=1,cold_week,5.4,5,1,0,이번 주 히든 미션: 이웃 배려 행동,이번 주 안에 이웃을 배려한 작은 행동을 실천하고 후기를 남겨주세요.,kindness_action,0,0,4,60,group_photo,5,5,4,3,4,1
HM_0161,2026-W05,fall,school_area,outdoor_good / rainy_days=0 / outdoor_days=2,outdoor_good,14.2,0,2,0,이번 주 히든 미션: 재활용 점검,집이나 공동공간에서 재활용 가능한 물품을 구분해 인증하세요.,recycling,0,0,4,100,group_photo,5,5,4,2,4,1
HM_0162,2026-W06,spring,residential,outdoor_good / rainy_days=3 / outdoor_days=1,outdoor_good,13.5,3,1,2,이번 주 히든 미션: 에너지 세이브,사용하지 않는 전등과 멀티탭을 끄고 절전 인증을 남겨주세요.,energy_saving,0,0,1,100,photo,3,5,5,3,4,1
HM_0163,2026-W07,winter,park_area,indoor_preferred / rainy_days=2 / outdoor_days=4,indoor_preferred,-2.8,2,4,2,이번 주 히든 미션: 절전 챌린지,이번 주 안에 집이나 공동공간에서 전기 절약 행동을 실천하고 인증해보세요.,energy_saving,0,0,3,70,photo,5,5,5,4,5,1
HM_0164,2026-W08,summer,mixed_commercial,outdoor_good / rainy_days=3 / outdoor_days=7,outdoor_good,24.1,3,7,2,이번 주 히든 미션: 에너지 세이브,사용하지 않는 전등과 멀티탭을 끄고 절전 인증을 남겨주세요.,energy_saving,0,0,4,100,photo,4,5,4,2,4,1
HM_0165,2026-W09,fall,park_area,hot_week / rainy_days=5 / outdoor_days=6,hot_week,21.6,5,6,3,이번 주 히든 미션: 함께 걷기 챌린지,이번 주 안에 팀원과 함께 동네를 걸으며 건강과 대화를 챙겨보세요.,group_walk,1,1,3,80,short_text,5,2,2,4,3,0
HM_0166,2026-W10,fall,residential,cold_week / rainy_days=0 / outdoor_days=6,cold_week,10.5,0,6,3,이번 주 히든 미션: 재활용 점검,집이나 공동공간에서 재활용 가능한 물품을 구분해 인증하세요.,recycling,0,0,3,50,short_text,5,5,5,3,4,1
HM_0167,2026-W11,summer,school_area,indoor_preferred / rainy_days=3 / outdoor_days=5,indoor_preferred,25.5,3,5,3,이번 주 히든 미션: 동네 산책 미션,가까운 길을 함께 산책하고 짧은 소감을 남겨주세요.,group_walk,1,1,5,100,group_photo,5,3,2,3,3,0
HM_0168,2026-W12,spring,school_area,cold_week / rainy_days=5 / outdoor_days=3,cold_week,15.9,5,3,1,이번 주 히든 미션: 함께 걷기 챌린지,이번 주 안에 팀원과 함께 동네를 걸으며 건강과 대화를 챙겨보세요.,group_walk,1,1,5,80,short_text,5,2,1,2,2,0
HM_0169,2026-W01,spring,residential,outdoor_good / rainy_days=4 / outdoor_days=2,outdoor_good,12.6,4,2,3,이번 주 히든 미션: 따뜻한 한마디,동네 사람이나 팀원에게 응원과 배려를 실천하고 인증하세요.,kindness_action,0,0,4,100,group_photo,3,5,4,3,4,1
HM_0170,2026-W02,fall,residential,hot_week / rainy_days=5 / outdoor_days=2,hot_week,21.5,5,2,2,이번 주 히든 미션: 따뜻한 한마디,동네 사람이나 팀원에게 응원과 배려를 실천하고 인증하세요.,kindness_action,0,0,4,60,group_photo,5,5,4,3,4,1
HM_0171,2026-W03,fall,mixed_commercial,outdoor_good / rainy_days=5 / outdoor_days=1,outdoor_good,12.5,5,1,0,이번 주 히든 미션: 이웃 배려 행동,이번 주 안에 이웃을 배려한 작은 행동을 실천하고 후기를 남겨주세요.,kindness_action,0,0,2,60,group_photo,3,5,5,4,4,1
HM_0172,2026-W04,summer,school_area,cold_week / rainy_days=1 / outdoor_days=6,cold_week,28.6,1,6,3,이번 주 히든 미션: 절전 챌린지,이번 주 안에 집이나 공동공간에서 전기 절약 행동을 실천하고 인증해보세요.,energy_saving,0,0,5,60,short_text,5,5,4,3,4,1
HM_0173,2026-W05,winter,residential,indoor_preferred / rainy_days=0 / outdoor_days=7,indoor_preferred,-4.2,0,7,4,이번 주 히든 미션: 재활용 점검,집이나 공동공간에서 재활용 가능한 물품을 구분해 인증하세요.,recycling,0,0,3,60,short_text,2,5,5,4,4,1
HM_0174,2026-W06,fall,mixed_commercial,cold_week / rainy_days=0 / outdoor_days=3,cold_week,13.4,0,3,2,이번 주 히든 미션: 절전 챌린지,이번 주 안에 집이나 공동공간에서 전기 절약 행동을 실천하고 인증해보세요.,energy_saving,0,0,3,100,group_photo,2,5,5,4,4,1
HM_0175,2026-W07,summer,school_area,outdoor_good / rainy_days=3 / outdoor_days=4,outdoor_good,25.2,3,4,4,이번 주 히든 미션: 재활용 점검,집이나 공동공간에서 재활용 가능한 물품을 구분해 인증하세요.,recycling,0,0,4,60,short_text,3,5,4,2,4,1
HM_0176,2026-W08,summer,mixed_commercial,mixed / rainy_days=2 / outdoor_days=1,mixed,27.1,2,1,3,이번 주 히든 미션: 분리수거 실천,이번 주 안에 올바른 분리수거를 실천하고 사진과 짧은 설명을 남겨주세요.,recycling,0,0,4,100,group_photo,5,5,4,3,4,1
HM_0177,2026-W09,winter,mixed_commercial,hot_week / rainy_days=1 / outdoor_days=3,hot_week,2.4,1,3,0,이번 주 히든 미션: 이웃 배려 행동,이번 주 안에 이웃을 배려한 작은 행동을 실천하고 후기를 남겨주세요.,kindness_action,0,0,5,70,photo,5,5,4,3,4,1
HM_0178,2026-W10,winter,residential,cold_week / rainy_days=0 / outdoor_days=7,cold_week,-0.2,0,7,3,이번 주 히든 미션: 함께 걷기 챌린지,이번 주 안에 팀원과 함께 동네를 걸으며 건강과 대화를 챙겨보세요.,group_walk,1,1,4,50,group_photo,4,3,2,3,3,0
HM_0179,2026-W11,fall,residential,hot_week / rainy_days=0 / outdoor_days=7,hot_week,9.2,0,7,1,이번 주 히든 미션: 재활용 점검,집이나 공동공간에서 재활용 가능한 물품을 구분해 인증하세요.,recycling,0,0,5,80,photo,3,5,4,2,4,1
HM_0180,2026-W12,summer,park_area,outdoor_good / rainy_days=5 / outdoor_days=3,outdoor_good,29.3,5,3,2,이번 주 히든 미션: 동네 산책 미션,가까운 길을 함께 산책하고 짧은 소감을 남겨주세요.,group_walk,1,1,5,50,photo,5,3,2,2,3,0
HM_0181,2026-W01,spring,school_area,indoor_preferred / rainy_days=1 / outdoor_days=7,indoor_preferred,17.0,1,7,3,이번 주 히든 미션: 절전 챌린지,이번 주 안에 집이나 공동공간에서 전기 절약 행동을 실천하고 인증해보세요.,energy_saving,0,0,5,70,group_photo,5,5,4,3,4,1
HM_0182,2026-W02,winter,mixed_commercial,outdoor_good / rainy_days=2 / outdoor_days=6,outdoor_good,1.7,2,6,2,이번 주 히든 미션: 에너지 세이브,사용하지 않는 전등과 멀티탭을 끄고 절전 인증을 남겨주세요.,energy_saving,0,0,3,100,photo,2,5,5,3,4,1
HM_0183,2026-W03,winter,school_area,outdoor_good / rainy_days=3 / outdoor_days=3,outdoor_good,5.7,3,3,2,이번 주 히든 미션: 따뜻한 한마디,동네 사람이나 팀원에게 응원과 배려를 실천하고 인증하세요.,kindness_action,0,0,5,100,photo,5,5,4,3,4,1
HM_0184,2026-W04,fall,residential,outdoor_good / rainy_days=1 / outdoor_days=4,outdoor_good,14.4,1,4,3,이번 주 히든 미션: 공원 정리 미션,공원이나 산책로 주변을 정리하고 단체 인증 사진을 올려주세요.,group_cleanup,1,1,2,60,group_photo,5,2,2,2,3,0
HM_0185,2026-W05,summer,school_area,outdoor_good / rainy_days=1 / outdoor_days=1,outdoor_good,26.5,1,1,3,이번 주 히든 미션: 이웃 배려 행동,이번 주 안에 이웃을 배려한 작은 행동을 실천하고 후기를 남겨주세요.,kindness_action,0,0,4,50,group_photo,2,5,4,3,4,1
HM_0186,2026-W06,spring,park_area,hot_week / rainy_days=0 / outdoor_days=6,hot_week,10.8,0,6,2,이번 주 히든 미션: 공원 정리 미션,공원이나 산책로 주변을 정리하고 단체 인증 사진을 올려주세요.,group_cleanup,1,1,2,80,photo,5,3,3,4,4,1
HM_0187,2026-W07,winter,residential,outdoor_good / rainy_days=1 / outdoor_days=6,outdoor_good,-0.0,1,6,1,이번 주 히든 미션: 동네 플로깅 챌린지,이번 주 안에 팀원과 함께 동네를 걸으며 쓰레기 5개 이상을 줍고 인증하세요.,group_cleanup,1,1,5,60,short_text,5,4,3,2,4,1
HM_0188,2026-W08,summer,park_area,hot_week / rainy_days=1 / outdoor_days=7,hot_week,28.4,1,7,0,이번 주 히든 미션: 동네 산책 미션,가까운 길을 함께 산책하고 짧은 소감을 남겨주세요.,group_walk,1,1,3,80,short_text,4,3,3,4,4,1
HM_0189,2026-W09,summer,school_area,outdoor_good / rainy_days=5 / outdoor_days=1,outdoor_good,30.0,5,1,2,이번 주 히든 미션: 분리수거 실천,이번 주 안에 올바른 분리수거를 실천하고 사진과 짧은 설명을 남겨주세요.,recycling,0,0,4,70,group_photo,2,5,4,2,3,0
HM_0190,2026-W10,summer,mixed_commercial,hot_week / rainy_days=0 / outdoor_days=3,hot_week,29.0,0,3,2,이번 주 히든 미션: 재활용 점검,집이나 공동공간에서 재활용 가능한 물품을 구분해 인증하세요.,recycling,0,0,5,80,short_text,3,5,4,2,4,1
HM_0191,2026-W11,winter,residential,outdoor_good / rainy_days=3 / outdoor_days=5,outdoor_good,7.0,3,5,2,이번 주 히든 미션: 동네 산책 미션,가까운 길을 함께 산책하고 짧은 소감을 남겨주세요.,group_walk,1,1,4,80,photo,4,4,3,3,4,1
HM_0192,2026-W12,fall,residential,mixed / rainy_days=2 / outdoor_days=4,mixed,21.6,2,4,4,이번 주 히든 미션: 공원 정리 미션,공원이나 산책로 주변을 정리하고 단체 인증 사진을 올려주세요.,group_cleanup,1,1,4,60,photo,5,2,1,1,2,0
HM_0193,2026-W01,spring,mixed_commercial,outdoor_good / rainy_days=5 / outdoor_days=2,outdoor_good,14.5,5,2,0,이번 주 히든 미션: 동네 플로깅 챌린지,이번 주 안에 팀원과 함께 동네를 걸으며 쓰레기 5개 이상을 줍고 인증하세요.,group_cleanup,1,1,1,60,short_text,5,3,3,3,4,1
HM_0194,2026-W02,fall,park_area,mixed / rainy_days=0 / outdoor_days=3,mixed,11.8,0,3,3,이번 주 히든 미션: 이웃 배려 행동,이번 주 안에 이웃을 배려한 작은 행동을 실천하고 후기를 남겨주세요.,kindness_action,0,0,3,100,group_photo,2,5,5,4,4,1
HM_0195,2026-W03,winter,mixed_commercial,cold_week / rainy_days=2 / outdoor_days=7,cold_week,-0.2,2,7,0,이번 주 히든 미션: 함께 걷기 챌린지,이번 주 안에 팀원과 함께 동네를 걸으며 건강과 대화를 챙겨보세요.,group_walk,1,1,2,100,photo,3,3,3,4,3,0
HM_0196,2026-W04,spring,park_area,outdoor_good / rainy_days=0 / outdoor_days=5,outdoor_good,14.7,0,5,3,이번 주 히든 미션: 재활용 점검,집이나 공동공간에서 재활용 가능한 물품을 구분해 인증하세요.,recycling,0,0,2,80,group_photo,4,5,5,3,4,1
HM_0197,2026-W05,fall,residential,cold_week / rainy_days=4 / outdoor_days=1,cold_week,20.6,4,1,3,이번 주 히든 미션: 공원 정리 미션,공원이나 산책로 주변을 정리하고 단체 인증 사진을 올려주세요.,group_cleanup,1,1,3,70,short_text,4,1,1,2,2,0
HM_0198,2026-W06,winter,residential,mixed / rainy_days=3 / outdoor_days=3,mixed,3.1,3,3,4,이번 주 히든 미션: 절전 챌린지,이번 주 안에 집이나 공동공간에서 전기 절약 행동을 실천하고 인증해보세요.,energy_saving,0,0,5,60,photo,2,5,4,2,3,0
HM_0199,2026-W07,winter,residential,indoor_preferred / rainy_days=2 / outdoor_days=1,indoor_preferred,-4.9,2,1,3,이번 주 히든 미션: 이웃 배려 행동,이번 주 안에 이웃을 배려한 작은 행동을 실천하고 후기를 남겨주세요.,kindness_action,0,0,2,100,photo,5,5,5,4,5,1
HM_0200,2026-W08,winter,residential,indoor_preferred / rainy_days=4 / outdoor_days=4,indoor_preferred,6.7,4,4,2,이번 주 히든 미션: 절전 챌린지,이번 주 안에 집이나 공동공간에서 전기 절약 행동을 실천하고 인증해보세요.,energy_saving,0,0,5,50,group_photo,3,5,4,3,4,1
